"Words","Freq"
"the",30
"mountain",29
"of",27
"winter",18
"oval",17
"in",15
"at",12
"lake",11
"autumn",10
"day",10
"stream",10
"sunset",10
"winter",10
"cabin",9
"mountain",9
"waterfall",9
"the",8
"falls",8
"golden",7
"quiet",7
"barn",7
"view",7
"woods",7
"cabin",6
"autumn",6
"mountain",6
"river",6
"valley",6
"country",5
"hidden",5
"meadow",5
"secluded",5
"a",5
"glow",5
"mountains",5
"seascape",5
"splendor",5
"winter",5
"black",4
"blue",4
"deep",4
"evening",4
"forest",4
"lake",4
"misty",4
"peaceful",4
"tranquil",4
"wilderness",4
"winter",4
"brook",4
"creek",4
"haven",4
"hills",4
"old",4
"paradise",4
"pond",4
"waters",4
"a",3
"bubbling",3
"double",3
"final",3
"lakeside",3
"majestic",3
"nature",3
"ocean",3
"purple",3
"splendor",3
"sunset",3
"valley",3
"beach",3
"beauty",3
"cove",3
"dawn",3
"end",3
"fantasy",3
"forest",3
"forest",3
"glory",3
"grace",3
"majesty",3
"mist",3
"peace",3
"reflections",3
"retreat",3
"solitude",3
"tide",3
"trail",3
"wonder",3
"arctic",2
"barn",2
"countryside",2
"covered",2
"crimson",2
"cypress",2
"desert",2
"distant",2
"ebony",2
"enchanted",2
"evening",2
"fisherman",2
"frozen",2
"graceful",2
"high",2
"home",2
"in",2
"indian",2
"island",2
"little",2
"morning",2
"oval",2
"pastel",2
"portrait",2
"reflections",2
"rustic",2
"snow",2
"snowy",2
"spectacular",2
"towering",2
"twilight",2
"view",2
"warm",2
"waterfall",2
"wintertime",2
"autumn",2
"before",2
"bridge",2
"by",2
"clear",2
"day",2
"delight",2
"edge",2
"elegance",2
"exhibition",2
"from",2
"hideaway",2
"home",2
"home",2
"images",2
"light",2
"meadow",2
"mill",2
"moon",2
"morn",2
"morning",2
"on",2
"oval",2
"path",2
"peaks",2
"range",2
"ridge",2
"sea",2
"seas",2
"seasons",2
"seclusion",2
"serenity",2
"snow",2
"spring",2
"summit",2
"sunlight",2
"to",2
"vignette",2
"waves",2
"winter",2
"",1
"absolutely",1
"after",1
"anatomy",1
"angler",1
"arizona",1
"around",1
"at",1
"aurora",1
"babbling",1
"back",1
"balmy",1
"before",1
"blaze",1
"bridge",1
"bright",1
"brown",1
"by",1
"cactus",1
"camper",1
"campfire",1
"change",1
"christmas",1
"cliffside",1
"cold",1
"colors",1
"contemplative",1
"cool",1
"copper",1
"daisies",1
"daisy",1
"dark",1
"daybreak",1
"days",1
"delightful",1
"dimensions",1
"divine",1
"dock",1
"downstream",1
"early",1
"ebb",1
"emerald",1
"evergreen",1
"evergreens",1
"fall",1
"falls",1
"first",1
"florida",1
"foot",1
"frosty",1
"glacier",1
"grandpa",1
"gray",1
"grey",1
"half oval",1
"happy",1
"haven",1
"hazy",1
"hide a way",1
"hint",1
"horizons",1
"hunter",1
"icy",1
"just",1
"lazy",1
"light",1
"lone",1
"lonely",1
"lost",1
"magic",1
"marshlands",1
"mighty",1
"mirrored",1
"mountain by the sea",1
"mountains",1
"mt.",1
"mystic",1
"natural",1
"nestled",1
"new",1
"night",1
"northern",1
"northwest",1
"not",1
"old",1
"on",1
"oriental",1
"pathway",1
"peaks",1
"perfect",1
"pot",1
"red",1
"reflections",1
"rippling",1
"river",1
"riverside",1
"roadside",1
"rolling",1
"rowboat",1
"royal",1
"russet",1
"scenic",1
"seascape",1
"seascape",1
"seaside",1
"seasonal",1
"serenity",1
"shades",1
"shadow",1
"silent",1
"snowbound",1
"snowfall",1
"snowfall",1
"soft",1
"soothing",1
"southwest",1
"splashes",1
"steep",1
"storm",1
"storm",1
"stormy",1
"summer",1
"sunlight",1
"surf",1
"surprising",1
"teton",1
"that",1
"through",1
"to",1
"toward",1
"trace",1
"trail",1
"tranquility",1
"trapper",1
"triple",1
"tropical",1
"twin",1
"two",1
"under",1
"waterside",1
"waves",1
"wayside",1
"western",1
"wetlands",1
"whispering",1
"winding",1
"windy",1
"wooded",1
"woodgrain",1
"&",1
"accident",1
"aglow",1
"an",1
"beauty",1
"bend",1
"birch",1
"bliss",1
"blossoms",1
"blues",1
"breeze",1
"bridge",1
"brook",1
"by the road",1
"by",1
"calm",1
"challenge",1
"charm",1
"chateau",1
"color",1
"comin'",1
"country",1
"country",1
"dance",1
"dawn",1
"dawn",1
"days",1
"discovery",1
"embers",1
"escape",1
"essence",1
"eve",1
"evergreens",1
"expanse",1
"fall",1
"falls",1
"farm",1
"footbridge",1
"foothills",1
"frost",1
"girl",1
"glacier",1
"glen",1
"glow",1
"gold",1
"gone",1
"grey",1
"harmony",1
"haze",1
"hide away",1
"hollow",1
"horizon",1
"house",1
"hues",1
"inlet",1
"knoll",1
"lace",1
"lady",1
"lake",1
"life",1
"lights",1
"line",1
"magic",1
"mckinley",1
"meadow",1
"midst",1
"mild",1
"mirage",1
"mist",1
"moon",1
"moonlight",1
"morning",1
"nature",1
"night",1
"nightfall",1
"oak",1
"over",1
"palette",1
"park",1
"pastel",1
"pine",1
"place",1
"posies",1
"pretty",1
"progression",1
"property",1
"quite",1
"rain",1
"rays",1
"rhapsody",1
"ridge",1
"road",1
"rolling",1
"sally",1
"sawscape",1
"scene",1
"shadows",1
"skies",1
"snow",1
"snowfall",1
"snowy",1
"spring",1
"springtime",1
"stillness",1
"stillness",1
"storm",1
"stream",1
"summer",1
"summer",1
"sun",1
"sunrise",1
"surprise",1
"swamp",1
"take",1
"time",1
"time",1
"trail",1
"tranquility",1
"tree",1
"trees",1
"up",1
"vista",1
"walk",1
"walk",1
"warm",1
"wave",1
"way",1
"weathered",1
"west",1
"white",1
"white",1
"wilderness",1
"wilderness",1
"windmill",1
"window",1
"wooded",1
"woodman",1
"year",1
